編號,批次,詞語,字數,主題,秒數,錄音者,老師試聽結果,需要留意,音檔,來源,授權
1,1,中午,2,自然天氣,0.92,Speaker: Luilui6666 / Recorder: Luilui6666,待確認,,edited/001-word-4e2d-5348.mp3,https://commons.wikimedia.org/wiki/File:LL-Q9192_(cmn)-Luilui6666-%E4%B8%AD%E5%8D%88.wav,CC BY-SA 4.0
2,1,獅子,2,動物朋友,0.947,Speaker: Shangkuanlc / Recorder: Shangkuanlc,待確認,,edited/002-word-7345-5b50.mp3,https://commons.wikimedia.org/wiki/File:LL-Q727694_(cmn)-Shangkuanlc-%E7%8D%85%E5%AD%90.wav,CC BY-SA 4.0
3,1,包子,2,食物水果,0.84,Speaker: Luilui6666 / Recorder: Luilui6666,待確認,,edited/003-word-5305-5b50.mp3,https://commons.wikimedia.org/wiki/File:LL-Q9192_(cmn)-Luilui6666-%E5%8C%85%E5%AD%90.wav,CC BY-SA 4.0
4,1,上課,2,校園學習,1.04,Speaker: Luilui6666 / Recorder: Luilui6666,待確認,,edited/004-word-4e0a-8ab2.mp3,https://commons.wikimedia.org/wiki/File:LL-Q9192_(cmn)-Luilui6666-%E4%B8%8A%E8%AF%BE.wav,CC BY-SA 4.0
5,1,吃飯,2,家庭生活,0.92,Speaker: Luilui6666 / Recorder: Luilui6666,待確認,,edited/005-word-5403-98ef.mp3,https://commons.wikimedia.org/wiki/File:LL-Q9192_(cmn)-Luilui6666-%E5%90%83%E9%A5%AD.wav,CC BY-SA 4.0
6,1,公園,2,出門探索,0.95,Speaker: Luilui6666 / Recorder: Luilui6666,待確認,,edited/006-word-516c-5712.mp3,https://commons.wikimedia.org/wiki/File:LL-Q9192_(cmn)-Luilui6666-%E5%85%AC%E5%9B%AD.wav,CC BY-SA 4.0
7,1,不好意思,4,身體感受,1.11,Speaker: Luilui6666 / Recorder: Luilui6666,待確認,,edited/007-word-4e0d-597d-610f-601d.mp3,https://commons.wikimedia.org/wiki/File:LL-Q9192_(cmn)-Luilui6666-%E4%B8%8D%E5%A5%BD%E6%84%8F%E6%80%9D.wav,CC BY-SA 4.0
8,1,一些,2,顏色數量,0.99,Speaker: Luilui6666 / Recorder: Luilui6666,待確認,,edited/008-word-4e00-4e9b.mp3,https://commons.wikimedia.org/wiki/File:LL-Q9192_(cmn)-Luilui6666-%E4%B8%80%E4%BA%9B.wav,CC BY-SA 4.0
9,1,早上,2,自然天氣,0.97,Speaker: Luilui6666 / Recorder: Luilui6666,待確認,,edited/009-word-65e9-4e0a.mp3,https://commons.wikimedia.org/wiki/File:LL-Q9192_(cmn)-Luilui6666-%E6%97%A9%E4%B8%8A.wav,CC BY-SA 4.0
10,1,蝙蝠,2,動物朋友,0.923,Speaker: Shangkuanlc / Recorder: Shangkuanlc,待確認,,edited/010-word-8759-8760.mp3,https://commons.wikimedia.org/wiki/File:LL-Q727694_(cmn)-Shangkuanlc-%E8%9D%99%E8%9D%A0.wav,CC BY-SA 4.0
11,2,午餐,2,食物水果,0.99,Speaker: Luilui6666 / Recorder: Luilui6666,待確認,,edited/011-word-5348-9910.mp3,https://commons.wikimedia.org/wiki/File:LL-Q9192_(cmn)-Luilui6666-%E5%8D%88%E9%A4%90.wav,CC BY-SA 4.0
12,2,下課,2,校園學習,1.03,Speaker: Luilui6666 / Recorder: Luilui6666,待確認,,edited/012-word-4e0b-8ab2.mp3,https://commons.wikimedia.org/wiki/File:LL-Q9192_(cmn)-Luilui6666-%E4%B8%8B%E8%AF%BE.wav,CC BY-SA 4.0
13,2,名字,2,家庭生活,0.78,Speaker: Luilui6666 / Recorder: Luilui6666,待確認,,edited/013-word-540d-5b57.mp3,https://commons.wikimedia.org/wiki/File:LL-Q9192_(cmn)-Luilui6666-%E5%90%8D%E5%AD%97.wav,CC BY-SA 4.0
14,2,回家,2,出門探索,0.98,Speaker: Luilui6666 / Recorder: Luilui6666,待確認,,edited/014-word-56de-5bb6.mp3,https://commons.wikimedia.org/wiki/File:LL-Q9192_(cmn)-Luilui6666-%E5%9B%9E%E5%AE%B6.wav,CC BY-SA 4.0
15,2,不客氣,3,身體感受,0.96,Speaker: Luilui6666 / Recorder: Luilui6666,待確認,,edited/015-word-4e0d-5ba2-6c23.mp3,https://commons.wikimedia.org/wiki/File:LL-Q9192_(cmn)-Luilui6666-%E4%B8%8D%E5%AE%A2%E6%B0%94.wav,CC BY-SA 4.0
16,2,一共,2,顏色數量,0.94,Speaker: Luilui6666 / Recorder: Luilui6666,待確認,,edited/016-word-4e00-5171.mp3,https://commons.wikimedia.org/wiki/File:LL-Q9192_(cmn)-Luilui6666-%E4%B8%80%E5%85%B1.wav,CC BY-SA 4.0
17,2,晚上,2,自然天氣,0.99,Speaker: Luilui6666 / Recorder: Luilui6666,待確認,,edited/017-word-665a-4e0a.mp3,https://commons.wikimedia.org/wiki/File:LL-Q9192_(cmn)-Luilui6666-%E6%99%9A%E4%B8%8A.wav,CC BY-SA 4.0
18,2,味道,2,食物水果,0.93,Speaker: Luilui6666 / Recorder: Luilui6666,待確認,,edited/018-word-5473-9053.mp3,https://commons.wikimedia.org/wiki/File:LL-Q9192_(cmn)-Luilui6666-%E5%91%B3%E9%81%93.wav,CC BY-SA 4.0
19,2,唱歌,2,校園學習,1.02,Speaker: Luilui6666 / Recorder: Luilui6666,待確認,,edited/019-word-5531-6b4c.mp3,https://commons.wikimedia.org/wiki/File:LL-Q9192_(cmn)-Luilui6666-%E5%94%B1%E6%AD%8C.wav,CC BY-SA 4.0
20,2,哥哥,2,家庭生活,0.87,Speaker: Luilui6666 / Recorder: Luilui6666,待確認,,edited/020-word-54e5-54e5.mp3,https://commons.wikimedia.org/wiki/File:LL-Q9192_(cmn)-Luilui6666-%E5%93%A5%E5%93%A5.wav,CC BY-SA 4.0
